title,year,full_month,month,views,reads,read_ratio,fans
Trigger Periodic OpenWhisk Actions,2017,2017-08,08,46,29,63,1
Querying Your PouchDB Database with SQL,2017,2017-07,07,48,28,58,0
Generating Poems: A Way with Words and Code,2017,2017-07,07,119,60,50,7
A Depth-First Look at Watson Conversation + Gremlin + JanusGraph,2017,2017-07,07,143,63,44,7
"CouchDB Writes: Piecemeal, Bulk, or Batch?",2017,2017-07,07,109,54,50,8
Defensive IBM Object Storage Containers,2017,2017-07,07,63,29,46,4
Simple CSV Import For CouchDB,2017,2017-07,07,67,44,66,6
Querying your Cloudant database with SQL,2017,2017-07,07,176,105,60,10
Hacking vs. Prototyping vs. Production Code,2017,2017-07,07,89,52,58,7
Webinar: Offline Sync for Progressive Web Apps,2017,2017-07,07,64,38,59,1
Easy Access to All Points of Interest Data,2017,2017-07,07,133,64,48,7
Hoodie App Tracker is now deployable to IBM Bluemix,2017,2017-06,06,104,56,54,3
10 Things I Hate About Your API â Amanda Folson,2017,2017-06,06,536,344,64,19
Who limits the rate-limiter?,2017,2017-06,06,93,47,51,6
Mapping for Data Science with PixieDust and Mapbox,2017,2017-06,06,392,195,50,13
Choosing a Cloudant Library,2017,2017-06,06,175,92,53,10
Sharing non-public data in Jupyter notebooks,2017,2017-05,05,212,120,57,10
Offline and radioactively clean,2017,2017-05,05,131,80,61,2
Mapping All the Things with Python,2017,2017-05,05,566,327,58,17
Citizen Scientist sees âDeath Starâ in SETI data set,2017,2017-05,05,768,420,55,6
Offline First: Whatâs in a name?,2017,2017-05,05,201,77,38,10
Diff your databases with couchdiff,2017,2017-05,05,128,81,63,6
Simple data visualization in Apache CouchDBâ¢,2017,2017-05,05,556,271,49,7
PouchDB: the Swiss Army Knife of databases,2017,2017-05,05,567,350,62,9
Share the (PixieDust) Magic,2017,2017-05,05,142,62,44,9
You Too Can Make Magic (in Jupyter Notebooks with PixieDust),2017,2017-04,04,1200,425,35,6
Bridging the Gap Between Python and Scala Jupyter Notebooks,2017,2017-04,04,384,195,51,9
Simulating E.T.,2017,2017-04,04,360,115,32,12
Zero to Kubernetes on the IBM Bluemix Container Service,2017,2017-04,04,1100,347,31,10
PixieDust gets its first community-driven feature in 1.0.4,2017,2017-04,04,262,111,42,14
"Create a serverless, Watson-powered chatbot for your business",2017,2017-04,04,928,529,57,7
"The Most Popular Search Term at SXSW, According to Our Chatbot",2017,2017-04,04,285,114,40,9
Eye Candy for Cloudant,2017,2017-04,04,160,94,59,5
Offline Sync for Progressive Web Apps,2017,2017-04,04,2700,1200,45,55
Moving data from DocumentDB to Cloudant or CouchDB,2017,2017-03,03,150,95,63,4
Add custom Alexa skills with OpenWhisk and Cloudant,2017,2017-03,03,212,96,45,8
Moving data from DynamoDB to Cloudant or CouchDB,2017,2017-03,03,276,154,56,4
SETI Institute Hackathon & Code Challenge,2017,2017-03,03,293,186,63,7
Navigating SXSW via cognitive chatbot,2017,2017-03,03,190,132,69,4
Voice of InterConnect,2017,2017-03,03,329,174,53,6
InterConnect with us,2017,2017-03,03,110,38,35,7
Analysing Cloudant JSON in RunKit JavaScript Notebooks,2017,2017-03,03,142,67,47,7
I Am Not a Data Scientist,2017,2017-03,03,2900,1500,53,35
PixieDust 1.0 is here!,2017,2017-03,03,1600,648,38,28
Offline First FOMO,2017,2017-03,03,197,93,47,9
How I used serverless infrastructure to build a large-scale petition system,2017,2017-02,02,376,142,38,11
Have you had âThe Talkâ with your chatbot about graph data structures?,2017,2017-02,02,164,116,71,5
Database changes and search indexes that go together like wine & cheese,2017,2017-02,02,98,48,49,4
Let the Build Server cf push,2017,2017-02,02,146,63,43,4
Installing Web Apps with Electron,2017,2017-02,02,302,200,66,4
Blogging without the hosting,2017,2017-02,02,126,100,79,7
"Environment variables, or keeping your secrets secret in a Node.js app",2017,2017-02,02,318,230,72,5
Babyâs first IBM Graph app using Node.js,2017,2017-02,02,506,359,71,5
"Web application state, Ã  la Dogfight (1983)",2017,2017-02,02,77,40,52,5
"Building the Offline First community, one campfire at a time",2017,2017-02,02,157,50,32,6
Handling Failure Successfully in RabbitMQ,2017,2017-01,01,1300,697,51,9
Accessing IBM Graph from Java,2017,2017-01,01,251,153,61,2
Cloudant and Node.js Made Simple with the silverlining Library,2017,2017-01,01,453,191,42,8
Create a Custom Domain for Cloudant Using Cloudflare,2017,2017-01,01,174,90,52,3
Build Scalable Webhooks with a Queue and Workers Setup,2017,2017-01,01,659,322,49,13
Session Recap: Save the World with Offline First,2017,2017-01,01,35,24,69,4
Realtime Infrastucture Made Simple,2017,2017-01,01,81,19,23,8
Deploy Your PHP Application to Bluemix,2016,2016-12,12,479,195,41,7
Real-Time Sentiment Analysis of Twitter Hashtags with Spark,2016,2016-12,12,2600,893,33,11
FlightPredict II: The Sequel,2016,2016-12,12,1000,455,43,10
"Authentication for Cloudant Envoy Apps, Part III",2016,2016-12,12,117,49,42,1
"Authentication for Cloudant Envoy Apps, Part II",2016,2016-12,12,156,95,61,0
Simple Service Registry,2016,2016-12,12,222,58,26,6
"Authentication for Cloudant Envoy Apps, Part I",2016,2016-12,12,534,183,34,6
Hi! Weâre new here,2016,2016-12,12,101,83,82,6
Persisting Data for a Smarter Chatbot,2016,2016-12,12,1800,626,33,13
